{"cameraMode":{"drawMode":0,"name":"Shaded","section":"Shading Mode"},"sceneLighting":true,"audioPlay":false,"sceneViewState":{"showFog":false,"showMaterialUpdate":false,"showSkybox":false,"showFlares":false,"showImageEffects":false,"showParticleSystems":true},"in2DMode":false,"pivot":{"x":14.186219215393067,"y":-5.484304428100586,"z":15.980856895446778},"rotation":{"x":-0.330630898475647,"y":-0.6166737079620361,"z":0.3189401924610138,"w":-0.6392760872840881},"size":30.45750617980957,"orthographic":false}